{"cameraMode":{"drawMode":0,"name":"Shaded","section":"Shading Mode"},"sceneLighting":false,"audioPlay":false,"sceneViewState":{"showFog":true,"showMaterialUpdate":false,"showSkybox":true,"showFlares":true,"showImageEffects":true,"showParticleSystems":true},"in2DMode":false,"pivot":{"x":-2.384185791015625e-7,"y":0.0,"z":-0.1532992124557495},"rotation":{"x":0.11606736481189728,"y":-0.8805816173553467,"z":0.28140443563461306,"w":0.36320242285728457},"size":4.6353020668029789,"orthographic":false}